entity,type,key,content_source_support,tailscale_capable,icloud_relay,native_streaming,can_stream,apple_icloud,lan_only,confidence,source,notes
Mac,host,mac,Local + iCloud + SMB/NAS,true,true,,,,,verified,"Product owner review, 2026-07-20 (matches bibliofuse_iosv2/docs/features/mac-remote-streaming.md)","Standalone reader (client) + Host only. Mac cannot act as a stream client. iCloud + Tailscale via the iCloud Drive relay file, or Local Wi-Fi, or Manual Tailscale."
Windows PC,host,windows,Local + iCloud + SMB/NAS,true,true,,,,,verified,"Product owner review, 2026-07-20 (matches bibliofuse-windows/docs/features/streaming-to-ios.md)","Standalone reader (client) + Host only. Mac cannot act as a stream client. iCloud + Tailscale via the iCloud Drive relay file, or Local Wi-Fi, or Manual Tailscale."
Synology NAS (SPK),host,synology,Native SMB/NAS,true,false,,,,,verified,"Product owner review, 2026-07-20","Updates native_streaming from 'pending' (v0.1.3 release notes, 2026-07-19) to confirmed working. icloud_relay=false: Synology does not implement the iCloud Drive relay Mac/Windows use, so no automatic iCloud + Tailscale discovery -- Apple clients pair via Manual Tailscale instead. Local Wi-Fi also available. Reads its own attached/network storage directly, not iCloud."
Docker / other NAS,host,docker,Native SMB/NAS,false,false,Local Wi-Fi,,,,verified,"Product owner review, 2026-07-24","Updates native_streaming from 'unsupported' (bibliofuse-nas-distribution README ""Product status"" table, prior pass) to Local Wi-Fi confirmed working. Free server + free browser reader (port 7343) also still work. No Tailscale path -- home network only. Reads its own attached/network storage directly, not iCloud."
iPhone / iPad,client,iphone_ipad,Local + iCloud + Streaming from host,,,,true,true,false,verified,"Product owner review, 2026-07-20","Primary client. All 3 modes available: iCloud + Tailscale (automatic, via a Tailscale+icloud_relay-capable host), Manual Tailscale (explicit fallback, or the only Tailscale option against a non-icloud_relay host like Synology), Local Wi-Fi."
visionOS,client,visionpro,Local + iCloud + Streaming from host,,,,true,true,false,verified,"Product owner review, 2026-07-20","Corrects the first-pass CSV: visionOS is also a standalone reader, not client-only. Same 3 connection modes as iPhone/iPad -- reuses the same iCloud/Bonjour/manual discovery code."
Apple TV,client,appletv,Streaming from host,,,,true,false,true,verified,"bibliofuse_iosv2/docs/tvos-streaming-reader-go-no-go-port-plan.md; docs/features/mac-remote-streaming.md","Unchanged from first pass. LAN-HTTPS-only by design -- no iCloud Documents entitlement (physical signing test), Tailscale path built and tested but shipped disabled pending upstream tailscale/tailscale client bugs (#9736, #13991, #12139, #11663). No local/iCloud content source -- no standalone library on the box itself."
Android phone,client,androidphone,Local + Streaming from host,,,,true,false,false,verified,"Product owner review, 2026-07-24","Updates can_stream from false ('coming soon') to true -- streaming client has shipped: Local Wi-Fi and Manual Tailscale. No iCloud + Tailscale mode -- Android has no iCloud Documents access, so apple_icloud=false. No SMB/NAS source today."
Android TV,client,androidtv,Streaming from host,,,,true,,true,verified,"Product owner review, 2026-07-24","Updates can_stream from false ('not yet built', held pending confirmation per the 2026-07-20 review) to true -- streaming client has shipped: Local Wi-Fi only, not Tailscale, matching android-tv-full-port-plan.md's narrower scope (no 'optional Tailscale fallback'). No local/iCloud content source -- no standalone library."
